id,year,source,title,url,publication_type,independent,reliability,coverage_of_subject,facts_supported,notability_weight,article_use,status,notes,citation_wikitext
S1,2017,Data & Society Research Institute,The Legacy of inBloom,https://datasociety.net/pubs/ecl/InBloom_feb_2017.pdf,Research working paper,Yes,High for analysis; reliable research institute,Moderate. Mentions Alderson as a participant and includes attributed commentary on inBloom communications and product development.,"Former Lead Architect at Houghton Mifflin Harcourt / Choice Solutions; technical architect for New York implementation of inBloom; listed current role at the time as Principal Analyst of Enterprise Software, Eduventures.",Medium to High,Professional background and inBloom role,Verified; PDF text extracted locally,"Most substantive independent source found, but the report is about inBloom rather than a biographical profile.","{{cite report |last1=Bulger |first1=Monica |last2=McCormick |first2=Patrick |last3=Pitcan |first3=Mikaela |title=The Legacy of inBloom |publisher=Data & Society Research Institute |date=February 2, 2017 |url=https://datasociety.net/pubs/ecl/InBloom_feb_2017.pdf |access-date=June 8, 2026}}"
SXSW1,2020,SXSW EDU,10 Things You Probably Don't Know About SXSW EDU,https://sxswedu.com/news/2020/10-things-you-probably-dont-know-about-sxsw-edu/,Event retrospective / organizational article,Partial; official event source,Medium for SXSW EDU launch-context facts; does not name Alderson,"Minor for Alderson; useful for inBloom context. SXSW EDU founder Ron Reed says the Shared Learning Collaborative was rebranded to launch InBloom at SXSW EDU in 2013, calling it one of the first and most elaborate education initiatives launched at SXSW EDU and noting that discussion shifted toward student-data security and privacy.","InBloom launched at SXSW EDU in 2013 through the rebranding of the Shared Learning Collaborative; the launch prompted discussion of student-data security and privacy. Does not verify Alderson's speaker role.",Low for Alderson; Medium for inBloom context,Use only as context for inBloom's SXSW EDU launch and privacy/security discussion; pair Alderson-specific inBloom role claims with Data & Society.,Verified from downloaded HTML and extracted text,Reviewed in sources/data_society_inbloom_sources.md; local files data/sxswedu_10_things_2020_inbloom.html and data/sxswedu_10_things_2020_inbloom.txt,"{{cite web |last=Reed |first=Ron |title=10 Things You Probably Don't Know About SXSW EDU |url=https://sxswedu.com/news/2020/10-things-you-probably-dont-know-about-sxsw-edu/ |website=SXSW EDU |date=January 28, 2020 |access-date=June 8, 2026}}"
ESN1,2013,eSchool News / Reuters,"K-12 student database jazzes tech startups, spooks parents",https://www.eschoolnews.com/district-management/2013/03/04/k-12-student-database-jazzes-tech-startups-spooks-parents/,Reuters-syndicated news article,Yes for Reuters reporting; syndicated page,Medium to High for inBloom launch/privacy context; does not name Alderson,"Context only. eSchool News reprint says Reuters reported an Austin education-technology conference where startups would show products and highlights a $100 million K-12 student database holding files on millions of children. It describes privacy objections from parents and civil-liberties groups. Direct Reuters URL was blocked locally by a JS/ad-blocker page.","Contemporary news coverage of the inBloom/student-data controversy around an Austin education-technology conference; supports broader significance and privacy concerns, not Alderson-specific facts.",Low for Alderson; Medium for inBloom context,Use only as inBloom context if needed; do not cite for Alderson-specific facts.,Verified from downloaded syndicated HTML and extracted text; direct Reuters page locally blocked,Reviewed in sources/data_society_inbloom_sources.md; local files data/eschoolnews_reuters_2013_inbloom_database.html and data/eschoolnews_reuters_2013_inbloom_database.txt; blocked direct file data/reuters_2013_inbloom_database_sxswedu.html,"{{cite web |title=K-12 student database jazzes tech startups, spooks parents |url=https://www.eschoolnews.com/district-management/2013/03/04/k-12-student-database-jazzes-tech-startups-spooks-parents/ |website=eSchool News |date=March 4, 2013 |access-date=June 8, 2026}}"
EW1,2014,Education Week,InBloom Sputters Amid Concerns About Privacy of Student Data,https://www.edweek.org/technology/inbloom-sputters-amid-concerns-about-privacy-of-student-data/2014/01,Education journalism,Yes,High for education-policy reporting; does not name Alderson,"Context only. Article says inBloom emerged backed by $100 million in Gates Foundation and Carnegie Corporation grants, formed partnerships with nine states serving more than 11 million students, and then lost support as privacy and third-party vendor concerns grew.","Independent education-journalism context for inBloom's scale, controversy, privacy concerns, and state/district withdrawals; not Alderson-specific.",Low for Alderson; Medium to High for inBloom context,Use as inBloom context if needed; pair Alderson-specific role claims with Data & Society.,Verified from downloaded HTML and extracted text,Reviewed in sources/data_society_inbloom_sources.md; local files data/edweek_2014_inbloom_sputters_privacy.html and data/edweek_2014_inbloom_sputters_privacy.txt,"{{cite web |last=Kamisar |first=Ben |title=InBloom Sputters Amid Concerns About Privacy of Student Data |url=https://www.edweek.org/technology/inbloom-sputters-amid-concerns-about-privacy-of-student-data/2014/01 |website=Education Week |date=January 7, 2014 |access-date=June 8, 2026}}"
GF1,2013,Gates Foundation,"ConnectEDU, Inc. / OPP1092353",https://www.gatesfoundation.org/about/committed-grants/2013/07/opp1092353,Primary grant database record,No / primary,High for Gates Foundation grant details; primary for funding context,"Minor. Lists ConnectEDU, Inc. as grantee and provides grant details; does not mention Alderson or inBloom by name.","Gates Foundation committed $499,375 in July 2013 to ConnectEDU, Inc. for an 18-month K-12 Education grant to build a technology platform for Common Core literacy standards.",None,Use only for ConnectEDU/Gates Foundation funding context if needed; do not use as notability support or for Alderson-specific facts.,Verified from downloaded HTML,Reviewed in sources/data_society_inbloom_sources.md; local file data/gates_foundation_grant_opp1092353.html,"{{cite web |title=ConnectEDU, Inc. |url=https://www.gatesfoundation.org/about/committed-grants/2013/07/opp1092353 |website=Gates Foundation |date=July 2013 |access-date=June 8, 2026}}"
SI1,2026,Startup Intros,"ConnectEdu: Funding, Team & Investors",https://startupintros.com/orgs/connectedu,Company directory/profile summary,Partial,Medium for company-background orientation; verify facts against underlying sources before article use,"Company-background summary. Describes ConnectEDU as a Boston-based edtech company founded in 2002 with K-12, college, and career-planning technology; summarizes products, scale, funding, bankruptcy, asset sales, and data-privacy context. Does not mention Alderson.","ConnectEDU company context only; not Alderson-specific. Useful as a readable summary and source lead list.",None to Low,Use only for ConnectEDU background orientation; do not use for Alderson notability and prefer underlying sources for article facts.,Verified from downloaded HTML,Reviewed in sources/connectedu_company_sources.md; local file data/startupintros_connectedu.html,"{{cite web |title=ConnectEdu: Funding, Team & Investors |url=https://startupintros.com/orgs/connectedu |website=Startup Intros |access-date=June 8, 2026}}"
S2,2016,Campus Technology,Eduventures Publishes Report on Learning Management Systems,https://campustechnology.com/articles/2016/01/28/eduventures-publishes-report-on-learning-management-systems.aspx,Trade journalism,Yes,Medium to High,Moderate. Article is about Eduventures report and quotes Alderson as author/principal analyst.,Alderson was author and Principal Analyst for an Eduventures LMS report; the article quotes his explanation of the report.,Medium,Eduventures analyst role,Verified from downloaded HTML,Useful secondary source; not a profile.,"{{cite web |last=Schaffhauser |first=Dian |title=Eduventures Publishes Report on Learning Management Systems |url=https://campustechnology.com/articles/2016/01/28/eduventures-publishes-report-on-learning-management-systems.aspx |website=Campus Technology |date=January 28, 2016 |access-date=June 8, 2026}}"
CT2,2016,Campus Technology,Laying the Groundwork for Big Data,https://campustechnology.com/articles/2016/02/25/laying-the-groundwork-for-big-data.aspx?Page=3&p=1,Trade journalism,Yes,Medium to High,"Minor to moderate. Article about higher-education analytics identifies Alderson as an Eduventures principal analyst and uses his analysis of analytics vendors, data integration, and data governance challenges as context.",Alderson was principal analyst for Eduventures; he commented publicly on higher-education analytics vendor-market and data-governance challenges.,Low to Medium,Optional professional-context source if expanding the Eduventures or analytics section.,Verified from downloaded HTML,Reviewed in sources/campus_technology_sources.md; local file data/campus_technology_big_data_groundwork.html,"{{cite web |last=Raths |first=David |title=Laying the Groundwork for Big Data |url=https://campustechnology.com/articles/2016/02/25/laying-the-groundwork-for-big-data.aspx?Page=3&p=1 |website=Campus Technology |date=February 25, 2016 |access-date=June 8, 2026}}"
PF1,2016,ProctorFree,Ensure Student Success with ProctorFree at Eduventures Summit 2016,https://www.proctorfree.com/news/rethink-student-lifecycle-online-proctoring-eduventures-summit-2016,Vendor blog post / event coverage,Partial; third-party vendor with promotional interest,Medium for event and quote facts; limited for notability,"Minor to moderate. ProctorFree says Alderson, Principal Analyst at Eduventures, would give the keynote presentation `Technology that Should be on Every Higher Education Leader's Radar` at Eduventures Summit 2016 on October 24, 2016, and references Alderson's recent comments about ProctorFree's auditing of automated exam sessions.","Alderson was listed as a keynote presenter at Eduventures Summit 2016 and was identified as Principal Analyst at Eduventures; the post also corroborates his public commentary on online proctoring.",Low,Use only for Eduventures Summit / online-proctoring professional context; not a notability anchor because the source is a vendor promotional blog.,Verified from downloaded HTML and extracted text,Reviewed in sources/encoura_eduventures_sources.md; local files data/proctorfree_eduventures_summit_2016.html and data/proctorfree_eduventures_summit_2016.txt,"{{cite web |title=Ensure Student Success with ProctorFree at Eduventures Summit 2016 |url=https://www.proctorfree.com/news/rethink-student-lifecycle-online-proctoring-eduventures-summit-2016 |website=ProctorFree |date=October 21, 2016 |access-date=June 8, 2026}}"
SS1,2016,SlideShare / Eduventures,EduVentures: Tapping the Social Funnel for Development_June 2016_Simmons College,https://www.slideshare.net/slideshow/eduventures-tapping-the-social-funnel-for-developmentjune-2016simmons-college/63257710,Slide deck / platform-hosted presentation,No or partial; platform-hosted and likely self/affiliated,Medium for deck text and presentation metadata; weak for notability,"Minor to moderate for professional-context facts. SlideShare metadata identifies a 27-slide deck uploaded by `JeffTe`, created June 20 2016 UTC, with an AI-enhanced description naming Jeffrey Alderson. Extracted slide text names `Jeffrey Alderson | Principal Analyst, Eduventures` and `Principal Analyst, Enterprise Software`; the title identifies June 2016 Simmons College.","Alderson presented or authored an Eduventures deck titled `Tapping the Social Funnel for Development` for a June 2016 Simmons College event; the deck identifies him as Principal Analyst / Principal Analyst, Enterprise Software at Eduventures and includes a short professional bio.",Low,Use only for narrow presentation/publication-history and professional-context facts; not a notability anchor because the deck is platform-hosted and likely self/affiliated.,Verified from downloaded HTML and extracted text,Reviewed in sources/encoura_eduventures_sources.md; local files data/slideshare_eduventures_social_funnel_simmons_2016.html and data/slideshare_eduventures_social_funnel_simmons_2016.txt,"{{cite web |last=Alderson |first=Jeffrey |title=EduVentures: Tapping the Social Funnel for Development_June 2016_Simmons College |url=https://www.slideshare.net/slideshow/eduventures-tapping-the-social-funnel-for-developmentjune-2016simmons-college/63257710 |website=SlideShare |date=June 20, 2016 |access-date=June 8, 2026}}"
MOL1,2021,MIT Open Learning,The Evolution of Engineering Education Post-COVID-19,https://openlearning.mit.edu/events/evolution-engineering-education-post-covid-19,Event page / panelist bio,Partial,High for event listing and public affiliation; limited as biographical source,"Short professional bio. Event page lists Alderson as Product Manager for MATLAB Grader, MathWorks, and describes his role with MATLAB Grader and online teaching and learning at MathWorks.","Alderson was product manager for MATLAB Grader at MathWorks in Natick, Massachusetts; led MathWorks marketing efforts in online teaching and learning; was previously Principal Analyst for Technology at Eduventures and Lead Architect for Houghton Mifflin Harcourt / Choice P20 Solutions.",Low to Medium,Use for narrow MathWorks and MATLAB Grader professional-context facts; do not use as major notability support.,Verified from downloaded HTML,Reviewed in sources/mit_open_learning_sources.md; local file data/mit_openlearning_engineering_education_post_covid.html,"{{cite web |title=The Evolution of Engineering Education Post-COVID-19 |url=https://openlearning.mit.edu/events/evolution-engineering-education-post-covid-19 |website=MIT Open Learning |date=March 22, 2021 |access-date=June 8, 2026}}"
IEEE1,2018,IEEE vTools Events / IEEE Education Society,WEBINAR: MATLAB Grader for automaticallygraded computational assignments,https://events.vtools.ieee.org/m/183771,Event page / webinar listing,Partial,Medium to High for event metadata; limited as biographical source,"Minor to moderate. Event page lists Jeff Alderson of MathWorks as speaker and gives a short professional bio tied to MATLAB Grader.","Alderson presented on MATLAB Grader for automatically graded computational assignments; he was described as Online Learning Product Marketing at MathWorks and product manager for MATLAB's autograding solution, MATLAB Grader.",Low to Medium,Use only for narrow professional-context evidence; do not use as notability support.,Verified from downloaded HTML,Reviewed in sources/mathworks_matlab_grader_sources.md; local file data/ieee_vtools_183771.html,"{{cite web |title=WEBINAR: MATLAB Grader for automaticallygraded computational assignments |url=https://events.vtools.ieee.org/m/183771 |website=IEEE vTools Events |date=December 13, 2018 |access-date=June 8, 2026}}"
IN4OBE1,2022 / 2025 page,IN4OBE,Detailed Program / Autograded Programming Assignments with MATLAB Grade,https://in4obe.org/detailed-program/,Conference program / event listing,Partial,Medium for event metadata; limited as biographical source,"Minor to moderate. Detailed program lists an autograded programming assignments session with Jeff Alderson as speaker; LinkedIn metadata provides a recorded-webinar trail.","Alderson was listed as speaker for `Autograded Programming Assignments with MATLAB Grade` in Day 1, Track 2: Computing, Engineering & Technology, Theme 3, Topic 4: Automating Assessment and Evaluation.",Low to Medium,Use only for narrow professional-context evidence of presenter role; do not use as notability support.,Verified from downloaded HTML,Reviewed in sources/mathworks_matlab_grader_sources.md; local files data/in4obe_detailed_program.html and data/linkedin_in4obe_empowering_education.html,"{{cite web |title=Detailed Program |url=https://in4obe.org/detailed-program/ |website=IN4OBE |access-date=June 8, 2026}}"
YT1,2024,YouTube / IN4OBE LLC,Autograded Programming Assignments with MATLAB Grade,https://www.youtube.com/watch?v=C-GlXr3MxvQ,Video platform page / recorded webinar,No / platform-hosted,Medium for video metadata; use with event-page corroboration,"Minor. YouTube oEmbed identifies the video title and author as IN4OBE LLC; fetched watch-page data includes Alderson, while LinkedIn and IN4OBE sources provide clearer attribution.","Recorded IN4OBE webinar title and publisher; supporting trail for Alderson's speaker role when paired with IN4OBE/LinkedIn metadata.",Low,"Use only as supporting evidence for the recorded webinar, paired with clearer event metadata.",Verified from oEmbed and downloaded watch HTML,Reviewed in sources/mathworks_matlab_grader_sources.md; local files data/youtube_in4obe_c_glxr3mxvq.html and data/youtube_in4obe_c_glxr3mxvq_oembed.json,"{{cite web |title=Autograded Programming Assignments with MATLAB Grade |url=https://www.youtube.com/watch?v=C-GlXr3MxvQ |website=YouTube |publisher=IN4OBE LLC |access-date=June 8, 2026}}"
MWYT1,Current page access June 8 2026,YouTube / MATLAB channel,Teaching with MATLAB and Simulink,https://www.youtube.com/playlist?list=PLn8PRpmsu08oV_uJZBB7jIemn4-lxN7yL,Official channel playlist,No / affiliated platform source,Medium for playlist metadata; insufficient for Alderson attribution,"Source lead only. Official MATLAB channel playlist contains teaching and MATLAB Grader topics, but fetched playlist metadata does not name Alderson.","Potential lead to MathWorks education-technology videos; does not independently verify Alderson as presenter.",None to Low,Retain as a source-discovery lead; do not cite for Alderson presenter attribution until individual videos or transcripts are reviewed.,Verified playlist metadata; Alderson attribution not verified,Reviewed in sources/mathworks_matlab_grader_sources.md; local file data/youtube_mathworks_playlist_educational_technology.html,Do not cite until individual video attribution is verified
MWS1,Current page access June 8 2026,MathWorks,Search MATLAB and Simulink Videos: Alderson,https://www.mathworks.com/videos/search.html?q=Alderson&page=1,Affiliated site search / source lead,No / affiliated,Medium for source discovery; rendered results not fully available in downloaded HTML,"Source lead only. MathWorks search page shell and broader search API response were fetched; API response included MathWorks video results but was broader than the rendered video-only results.","Potential lead to MathWorks video pages associated with Alderson; exact page-level presenter metadata remains to be verified.",None to Low,Retain as a source-discovery lead; use exact video detail pages only after verification.,Partially verified from downloaded page shell and local API response,Reviewed in sources/mathworks_matlab_grader_sources.md; local files data/mathworks_video_search_alderson_page1.html and data/mathworks_video_search_alderson_results.json,Do not cite until exact video pages are verified
MWV1,2026,MathWorks,Enhancing Teaching and Learning with MATLAB Copilot and Simulink Copilot,https://www.mathworks.com/videos/enhancing-teaching-and-learning-with-generative-ai-and-matlab-1758823408469.html,Affiliated video page / speaker bio,No / affiliated,High for MathWorks page metadata and speaker-bio text; limited as biographical source,"Minor to moderate. MathWorks video page includes a speaker bio for Jeff Alderson, identifies him as Education Product Manager at MathWorks, and states that he received a B.S. from WPI and an M.Ed. in Education Policy, Organization & Leadership from the University of Illinois at Urbana-Champaign.","Alderson earned a Master of Education in education policy, organization, and leadership from the University of Illinois Urbana-Champaign; he was Education Product Manager at MathWorks and led marketing efforts for MATLAB Grader and MATLAB Course Designer.",Low,Use for the narrow education item and MathWorks professional-context facts; do not use as notability support.,Verified from downloaded HTML,Reviewed in sources/mathworks_matlab_grader_sources.md; local file data/mathworks_video_enhancing_teaching_learning_generative_ai_matlab.html,"{{cite web |title=Enhancing Teaching and Learning with MATLAB Copilot and Simulink Copilot |url=https://www.mathworks.com/videos/enhancing-teaching-and-learning-with-generative-ai-and-matlab-1758823408469.html |website=MathWorks |date=May 28, 2026 |access-date=June 8, 2026}}"
UIUC1,2020,University of Illinois at Urbana-Champaign / Digication,Jeff Alderson Instructional Design,https://illinois.digication.com/jeff-alderson-instructional-design/welcome,Institution-hosted portfolio,Partial / subject-created portfolio on institutional platform,Medium for platform metadata; limited for biographical facts,"Minor. UIUC Digication page metadata identifies the system as University of Illinois at Urbana-Champaign, the published portfolio title as `Jeff Alderson Instructional Design`, and the welcome page as published. A related course page is titled `EPOL 483 Learning Technologies`.","Alderson had a published instructional-design portfolio hosted in the University of Illinois at Urbana-Champaign Digication system during graduate classwork context; the page does not itself verify the completed degree.",None to Low,Retain as supporting education/portfolio context only; do not use as notability support or as the primary degree citation.,Verified from downloaded HTML,Reviewed in sources/education_sources.md; local files data/uiuc_digication_jeff_alderson_instructional_design_welcome.html and data/uiuc_digication_jeff_alderson_epol_483_learning_technologies.html,"{{cite web |title=Jeff Alderson Instructional Design |url=https://illinois.digication.com/jeff-alderson-instructional-design/welcome |website=University of Illinois at Urbana-Champaign Digication |access-date=June 8, 2026}}"
RG1,Current page access June 8 2026,ResearchGate,Jeffrey Alderson scientific contributions,https://www.researchgate.net/scientific-contributions/Jeffrey-Alderson-2273994673,Publication-list / profile source lead,No / profile platform,Low for article facts; direct local fetch blocked,"Source lead only. ResearchGate page was identified as a publication-list/profile lead, but direct local fetch returned HTTP 403 and page details were not verified locally.","Potential lead to Alderson's published articles; use underlying publication records instead of the profile page when possible.",None,Retain only as a publication-list lead; do not cite in article until page or underlying publication records are reviewed.,Blocked / unverified; HTTP 403 on direct local fetch,Reviewed in sources/affiliated_profile_sources.md and sources/mathworks_matlab_grader_sources.md; no local HTML saved,Do not cite until verified
M1,2025,MetroWest Daily News,Outgoing Natick moderator expresses thanks to dedicated volunteers in town government,https://www.metrowestdailynews.com/story/opinion/letters/2025/01/18/natick-town-moderator-frank-w-foss-stepping-down-this-spring-letter-to-the-editor/77592542007/,Letter to the editor / local opinion,Partial / opinion,Medium for attributed opinion; low for notability,Letter by outgoing moderator Frank Foss. Mentions Alderson as hoped-for next moderator and gives Foss opinion of him.,Foss publicly supported Alderson as successor; use only as attributed opinion.,Low,Do not use for notability; avoid in draft unless carefully attributed as Foss opinion.,Direct MetroWest site-search result; verified from downloaded article body,Reviewed in sources/metrowest_daily_news_sources.md; local file data/metrowest_01_outgoing_moderator_letter.html,"{{cite web |title=Outgoing Natick moderator expresses thanks to dedicated volunteers in town government |url=https://www.metrowestdailynews.com/story/opinion/letters/2025/01/18/natick-town-moderator-frank-w-foss-stepping-down-this-spring-letter-to-the-editor/77592542007/ |website=MetroWest Daily News |date=January 18, 2025 |access-date=June 8, 2026}}"
M2,2025,MetroWest Daily News,$7M override is Natick's top issue in March 25 election. What else is on the ballot?,https://www.metrowestdailynews.com/story/news/politics/elections/local/2025/03/24/natick-ma-voters-decide-on-7-million-dollar-override-town-school-races-march-25-annual-town-election/82590025007/,Local election news,Yes,Medium for local election facts,Election preview. Lists Jeffrey Alderson for a three-year town moderator term and notes Frank Foss was stepping down after 18 years.,Alderson was listed for a three-year Town Moderator term; Foss was stepping down after 18 years.,Low,Useful corroboration for candidacy and term; optional because Natick Report already verifies this.,Supplemental related MetroWest result; verified from downloaded article body,Reviewed in sources/metrowest_daily_news_sources.md; local file data/metrowest_01_natick_voters_decide_override.html,"{{cite web |title=$7M override is Natick's top issue in March 25 election. What else is on the ballot? |url=https://www.metrowestdailynews.com/story/news/politics/elections/local/2025/03/24/natick-ma-voters-decide-on-7-million-dollar-override-town-school-races-march-25-annual-town-election/82590025007/ |website=MetroWest Daily News |date=March 24, 2025 |access-date=June 8, 2026}}"
M3,2025,MetroWest Daily News,"Natick voters decide on $7 million override, municipal races. Here are the results",https://www.metrowestdailynews.com/story/news/politics/elections/local/2025/03/25/7-million-dollar-tax-override-passes-march-25-natick-ma-town-election/82419467007/,Local election news,Yes,Medium for local election facts,"Election results article. Lists Jeffrey Alderson as town moderator for a three-year term with 4,764 votes.","Alderson received 4,764 votes for a three-year Town Moderator term; 7,775 ballots were cast according to Town Clerk results.",Low to Medium,Useful corroboration for election result; stronger than the election preview for vote/result detail.,Supplemental related MetroWest result; verified from downloaded article body,Reviewed in sources/metrowest_daily_news_sources.md; local file data/metrowest_02_override_passes_election.html,"{{cite web |title=Natick voters decide on $7 million override, municipal races. Here are the results |url=https://www.metrowestdailynews.com/story/news/politics/elections/local/2025/03/25/7-million-dollar-tax-override-passes-march-25-natick-ma-town-election/82419467007/ |website=MetroWest Daily News |date=March 26, 2025 |access-date=June 8, 2026}}"
S7,2026,Natick Veterans Oral History Project,"Jeff Alderson, Air Force veteran",https://natickveterans.com/2026/01/29/jeffrey-alderson/,Local oral history/archive profile,Partial,Medium for non-contentious service facts; likely based on subject interview/archive intake,Short biographical entry.,Joined U.S. Air Force in 1998 after WPI on Air Force scholarship; electrical and computer engineering; deployed twice to the Middle East; left in 2003 as captain.,Low to Medium,Early life and military service,Verified from downloaded HTML,Treat as primary-adjacent for BLP; use sparingly.,"{{cite web |title=Jeff Alderson, Air Force veteran |url=https://natickveterans.com/2026/01/29/jeffrey-alderson/ |website=Natick Veterans Oral History Project |date=January 29, 2026 |access-date=June 8, 2026}}"
S8,2015,PESC,Awards - PESC Board of Directors Recipients,https://pesc.org/awards/,Organizational award list,No or partial,Medium for the award list,"Minor. Lists Jeffrey Alderson, ConnectEDU among 2015 recipients.",Alderson received a PESC Board of Directors award in 2015 while affiliated with ConnectEDU.,Low,"Awards, if included",Verified from downloaded HTML,Primary organizational source; weak for notability.,"{{cite web |title=Awards - PESC Board of Directors Recipients |url=https://pesc.org/awards/ |website=PESC |access-date=June 8, 2026}}"
PESCBOARD2011,2011,PESC / South Carolina Transfer & Articulation Center,PESC Award Letter to South Carolina,https://www.sctrac.org/portals/8/SCFiles/PESC_AwardLetterSC.pdf,Award letter / organizational record,No or partial,Medium for board-listing facts; primary/organizational for PESC context,"Minor. Letter includes a sidebar headed `2010-2011 Board of Directors` listing `JEFFREY ALDERSON, ConnectEDU, Inc.`.","Alderson was listed as a member of the PESC 2010-2011 Board of Directors while affiliated with ConnectEDU.",Low,Use only for narrow PESC board-membership evidence; not a notability anchor.,Verified from downloaded PDF and extracted text,Reviewed in sources/pesc_sources.md; local files data/pesc_2010_2011_board_award_letter_sc.pdf and data/pesc_2010_2011_board_award_letter_sc.txt,"{{cite web |title=PESC Award Letter to South Carolina |url=https://www.sctrac.org/portals/8/SCFiles/PESC_AwardLetterSC.pdf |website=South Carolina Transfer & Articulation Center |publisher=Postsecondary Electronic Standards Council |date=March 24, 2011 |access-date=June 8, 2026}}"
PESC2011,2011,PESC,Spring 2011 Program Full - Boston,https://pesc.org/wp-content/uploads/2024/07/Spring-2011-Program-Full-Boston.pdf,Conference program / organizational event record,No or partial,Medium for event-program facts; primary/organizational for PESC context,"Minor. Program lists Alderson as Director of Development at ConnectEDU and a PESC Board of Directors member in the general session `Welcome to the Commonwealth of Massachusetts`; the same session also lists Jane Swift as Senior Vice President of Government Relations at ConnectEDU and former Massachusetts governor.","Alderson was listed as Director of Development at ConnectEDU and PESC Board of Directors member in the PESC Spring 2011 Data Summit program; Jane Swift was also listed as a ConnectEDU executive in the same session.",Low,Use only for narrow PESC board / ConnectEDU role context; do not describe Alderson as keynote speaker based on this source.,Verified from downloaded PDF and extracted text,Reviewed in sources/pesc_sources.md; local files data/pesc_spring_2011_program_full_boston.pdf and data/pesc_spring_2011_program_full_boston.txt,"{{cite conference |title=Spring 2011 Program Full - Boston |conference=PESC Spring 2011 Data Summit |publisher=Postsecondary Electronic Standards Council |date=2011 |url=https://pesc.org/wp-content/uploads/2024/07/Spring-2011-Program-Full-Boston.pdf |access-date=June 8, 2026}}"
NCES2011,2011,NCES / STATS-DC,2011 STATS-DC Data Conference agenda,https://nces.ed.gov/whatsnew/conferences/PDF/STATSDC2011Agenda.pdf,Government conference agenda,Partial,High for agenda metadata; event listing only for biographical facts,"Minor to moderate. Agenda lists session `VII-C Best Practices in Linking PK-12 and Higher Education` with Michael Sessa of PESC, David Moldoff of AcademyOne, and Jeffrey Alderson of ConnectEDU. The session description says PESC would present recent best practices using PESC-approved standards and technologies.","Alderson co-presented in a STATS-DC session on linking PK-12 and higher education data, in a session framed around PESC-approved standards and technologies.",Low to Medium,Use only for narrow PESC/data-standards conference context; do not state that the agenda lists him as a PESC employee or board representative.,Verified from downloaded PDF and extracted text,Reviewed in sources/pesc_sources.md; local files data/nces_statsdc_2011_agenda.pdf and data/nces_statsdc_2011_agenda.txt,"{{cite conference |title=2011 STATS-DC Data Conference agenda |conference=STATS-DC Data Conference |publisher=National Center for Education Statistics |date=2011 |url=https://nces.ed.gov/whatsnew/conferences/PDF/STATSDC2011Agenda.pdf |access-date=June 8, 2026}}"
PESC2012,2012,PESC,PESC Spring 2012 Data Summit program,https://nebula.wsimg.com/ab98b6bb89dd32b40efd76843c5817aa?AccessKeyId=4CF7FAE11697F99C9E6B&disposition=0&alloworigin=1,Conference program / organizational event record,No or partial,Medium for event-program facts; primary/organizational for PESC context,"Minor to moderate. Program lists `MyDataButton | Jeffrey Alderson, Senior Director of Product Innovation, ConnectEDU` and says PESC Board Member Alderson would discuss the role he and ConnectEDU were playing in a joint White House/U.S. Department of Education initiative.","Alderson presented on MyDataButton at the PESC Spring 2012 Data Summit; the program tied him and ConnectEDU to a joint White House/U.S. Department of Education initiative about student access to data.",Low to Medium,Use only for narrow MyDataButton / ConnectEDU / PESC professional-context facts; not a notability anchor.,Verified from downloaded PDF and extracted text,Reviewed in sources/pesc_sources.md; local files data/pesc_2012_data_summit_program_my_data_button.pdf and data/pesc_2012_data_summit_program_my_data_button.txt,"{{cite conference |title=PESC Spring 2012 Data Summit program |conference=PESC Spring 2012 Data Summit |publisher=Postsecondary Electronic Standards Council |date=2012 |url=https://nebula.wsimg.com/ab98b6bb89dd32b40efd76843c5817aa?AccessKeyId=4CF7FAE11697F99C9E6B&disposition=0&alloworigin=1 |access-date=June 8, 2026}}"
ERUG1,2012,PESC / Education Record User Group,PESC ERUG Conference Call Notes for April 24 2012,https://cdn.cocodoc.com/cocodoc-form-pdf/pdf/44678435--2012-04-24-PESC-ERUG-Call-Notespdf-pesc-.pdf,Call notes / organizational working-group record,No or partial,Medium for call-note facts; primary/organizational for ERUG context,"Moderate for narrow ERUG involvement. Call notes list Alderson as Director of Development at ConnectEDU and PESC Board of Directors member; they say he had suggested potential use of MyData in PESC XML work and briefed ERUG on the White House/U.S. Department of Education initiative.","Alderson was involved with the PESC Education Record User Group discussion of MyData; he briefed the group on the White House/U.S. Department of Education initiative and answered technical/product questions.",Low to Medium,Use only for narrow ERUG / MyData involvement facts; not a notability anchor.,Verified from downloaded PDF and extracted text,Reviewed in sources/pesc_sources.md; local files data/pesc_2012_erug_call_notes.pdf and data/pesc_2012_erug_call_notes.txt,"{{cite web |title=PESC ERUG Conference Call Notes for April 24, 2012 |url=https://cdn.cocodoc.com/cocodoc-form-pdf/pdf/44678435--2012-04-24-PESC-ERUG-Call-Notespdf-pesc-.pdf |website=PESC Education Record User Group |date=April 24, 2012 |access-date=June 8, 2026}}"
PESC2016,2016,PESC,PESC Fall Data Symposium & Summit program,https://nebula.wsimg.com/af9365ebe142935671ccd9d9f7258d0c?AccessKeyId=4CF7FAE11697F99C9E6B&disposition=0&alloworigin=1,Conference program / organizational event record,No or partial,Medium for event-program and award-listing facts; primary/organizational for PESC context,"Minor to moderate. Program lists Alderson as Principal Analyst, Enterprise Software, Eduventures and speaker in `Global Data Strategy Perspectives | State & PK12 and Evolving E-Portfolio`; it says Alderson of Eduventures would present findings from a review of 30 portfolio vendors. The same program lists `Jeffrey Alderson, Eduventures` under `Service Awards 2014-2015`.","Alderson presented Eduventures portfolio-vendor market research at the PESC Fall 2016 Data Symposium & Summit; the program also corroborates a 2014-2015 PESC service-award listing for Alderson while affiliated with Eduventures.",Low to Medium,Use only for narrow Eduventures ePortfolio research/presenter and PESC service-award facts; not a notability anchor.,Verified from downloaded PDF and extracted text,Reviewed in sources/pesc_sources.md; local files data/pesc_2016_data_summit_eportfolio_vendors.pdf and data/pesc_2016_data_summit_eportfolio_vendors.txt,"{{cite conference |title=PESC Fall Data Symposium & Summit program |conference=PESC Fall Data Symposium & Summit |publisher=Postsecondary Electronic Standards Council |date=2016 |url=https://nebula.wsimg.com/af9365ebe142935671ccd9d9f7258d0c?AccessKeyId=4CF7FAE11697F99C9E6B&disposition=0&alloworigin=1 |access-date=June 8, 2026}}"
ACEL1,2016 / 2017,PESC,Academic Credential & Experiential Learning Implementation Guide,https://cache.nebula.phx3.secureserver.net/78bacabe0c17ff11c6ee2e735abaa371?AccessKeyId=4CF7FAE11697F99C9E6B&disposition=0&alloworigin=1,Implementation guide / technical standard documentation,No or partial,Medium for contributor-listing facts; primary/organizational for PESC context,"Minor. Implementation guide lists `Jeffrey Alderson, Eduventures` among contributors in the acknowledgments.","Alderson was recognized as a contributor to PESC's Academic Credential & Experiential Learning Implementation Guide while affiliated with Eduventures.",Low,Use only for narrow PESC implementation-guide contributor evidence; not a notability anchor.,Verified from downloaded PDF and extracted text,Reviewed in sources/pesc_sources.md; local files data/pesc_acel_implementation_guide.pdf and data/pesc_acel_implementation_guide.txt,"{{cite web |title=Academic Credential & Experiential Learning Implementation Guide |url=https://cache.nebula.phx3.secureserver.net/78bacabe0c17ff11c6ee2e735abaa371?AccessKeyId=4CF7FAE11697F99C9E6B&disposition=0&alloworigin=1 |website=PESC |date=November 2016 |access-date=June 8, 2026}}"
MDB2,2012,Hack Education,Download All Your Education Data With the Click of One Button,https://hackeducation.com/2012/04/11/download-all-your-education-data-with-the-click-of-one-button,Education-technology blog post,Partial; independent of Alderson but not about him,Medium for contemporary MyDataButton and HMH initiative context; not a source for Alderson-specific facts,"Background only. Article describes the Department of Education's proposed MyData button, compares it to the VA Blue Button, discusses education-data silos and standards, and states that ETS, Pearson, Parchment, and Houghton Mifflin Harcourt were among key industry players on board. Does not mention Alderson, ConnectEDU, or PESC.","Background context for MyDataButton and Houghton Mifflin Harcourt's inclusion in the initiative; does not independently verify Alderson's involvement.",Low for Alderson; Medium for MyDataButton / HMH context,Use only as MyDataButton/HMH context; pair Alderson-specific claims with PESC2012/ERUG1 and HMH role claims with Data & Society or another HMH-specific source.,Verified from downloaded HTML and extracted text,Reviewed in sources/mydata_button_sources.md; local files data/hack_education_mydata_button_2012.html and data/hack_education_mydata_button_2012.txt,"{{cite web |last=Watters |first=Audrey |title=Download All Your Education Data With the Click of One Button |url=https://hackeducation.com/2012/04/11/download-all-your-education-data-with-the-click-of-one-button |website=Hack Education |date=April 11, 2012 |access-date=June 8, 2026}}"
MDB1,2016,ESP Solutions Group / ArnieDocs mirror,"MyData Button: Button, Button, Who's Got the Button?",https://www.arniedocs.info/wp-content/uploads/2016/05/MyData-Button-Disappears-2016-05-03.pdf,White paper / commentary,Partial; not about Alderson,Medium for MyDataButton background; not a source for Alderson-specific facts,"Background only. Paper states that in 2012 the White House, Secretary of Education, and several major companies promised students a button to download education data; describes MyDataButton as part of the Obama administration smart-disclosure/open-government effort; says the January 19 2012 Executive Office announcement said MyDataButton would appear on the U.S. Department of Education Federal Student Aid website; names Houghton Mifflin Harcourt among companies in the announcement. Does not mention Alderson, ConnectEDU, or PESC.","Background context for the White House / U.S. Department of Education MyDataButton initiative and Houghton Mifflin Harcourt's inclusion in the announcement; does not independently verify Alderson's involvement.",Low for Alderson; Medium for MyDataButton context,Use only as MyDataButton initiative background; pair Alderson-specific claims with PESC2012/ERUG1 and HMH role claims with Data & Society or another HMH-specific source.,Verified from downloaded PDF and extracted text,Reviewed in sources/mydata_button_sources.md; local files data/mydata_button_white_house_disappears_2016.pdf and data/mydata_button_white_house_disappears_2016.txt,"{{cite web |last=Ligon |first=Glynn D. |title=MyData Button: Button, Button, Who's Got the Button? |url=https://www.arniedocs.info/wp-content/uploads/2016/05/MyData-Button-Disappears-2016-05-03.pdf |website=ArnieDocs |publisher=ESP Solutions Group |date=May 3, 2016 |access-date=June 8, 2026}}"
CB1,2014,PACERMonitor / U.S. Bankruptcy Court filing copy,"ConnectEdu, Inc. Bankruptcy (1:14-bk-11238), New York Southern Bankruptcy Court","https://www.pacermonitor.com/public/case/3402250/ConnectEdu,_Inc",Public docket page plus legal filing copy,No / primary,High for narrow docket and filing facts; primary legal-source context,"Minor. PACERMonitor verifies ConnectEDU, Inc. bankruptcy case 1:14-bk-11238 in New York Southern Bankruptcy Court, filed April 28 2014, converted September 12 2014, terminated June 28 2017, and lists Doc. 1 as the Voluntary Petition. The reviewed petition copy shows page 8 as the List of Equity Security Holders cover page and page 10 as Schedule A listing Jeff Alderson.","Alderson was listed in Schedule A of ConnectEDU's List of Equity Security Holders with 139 ordinary common options, 139 total preferred and common, and 0.01% diluted ownership; PACERMonitor verifies the docket and Doc. 1 filing metadata.",None,Use only for the narrow equity-security-holder fact and docket context; do not use for notability.,Verified from PACERMonitor docket HTML and rendered petition page images,Reviewed in sources/legal_bankruptcy_sources.md; local files data/pacermonitor_connectedu_case.html; data/pacermonitor_connectedu_voluntary_petition_doc1.pdf HTML access page; data/connectedu_bankruptcy_petition.pdf; data/connectedu_bankruptcy_petition_download_text.txt; data/connectedu_bankruptcy_petition_page_08.png; data/connectedu_bankruptcy_petition_page_10.png,"{{cite web |title=ConnectEdu, Inc. Bankruptcy (1:14-bk-11238), New York Southern Bankruptcy Court |url=https://www.pacermonitor.com/public/case/3402250/ConnectEdu,_Inc |website=PACERMonitor |date=April 28, 2014 |access-date=June 8, 2026}}"
S9,Unknown,ASEE PEER,Focus More on Teaching than Grading: Try MATLAB Grader,https://peer.asee.org/focus-more-on-teaching-than-grading-try-matlab-grader,Conference paper/proceedings,Likely yes as publication venue; authorship needs review,Potentially Medium to High,Unknown. Site returned anti-bot/heavy-load page during verification.,Potential publication/authorship only after verification.,TBD,Do not cite until reviewed,Located but not verified,"Retained as a publication lead, but not used in draft.",Do not cite until verified
S10,2015-2017,Encoura / Eduventures,Encoura Wake-Up Call Author - Jeffrey Alderson and linked Wake-Up Call articles,https://www.encoura.org/people/jeffery-alderson/,Corporate author profile / affiliated authored articles,No,Medium for profile and authorship facts; not independent for notability,"Sparse profile plus 33 linked affiliated authored Wake-Up Call articles verified from the live author page's Builder content API.",Profile existence; article titles/dates/URLs for Alderson-attributed Encoura/Eduventures Wake-Up Call posts.,None to Low,Do not use for AfC notability; retain as publication-history evidence and leads for independent coverage.,"Verified page and article list; no webinar or Enrollminute items returned for the author ID.",Reviewed in sources/encoura_eduventures_sources.md; local files data/encoura_people_alderson.html and data/encoura_alderson_articles.json,Do not cite for notability
FB1,2017,Facebook,Jeffrey Alderson / Committee to Elect Jeff Alderson for Natick School Committee,https://www.facebook.com/jeff4natick/,Campaign social media / self-published page,No,Low for encyclopedic sourcing; primary/self-published,Very sparse campaign-page metadata.,A Facebook page existed for the Committee to Elect Jeff Alderson for Natick School Committee.,None,Do not use for notability; retain as campaign-context evidence only.,Verified from downloaded HTML metadata,Reviewed in sources/campaign_social_media_sources.md; local file data/facebook_jeff4natick.html,Do not cite for notability
NP1,2017,Natick Patch,ICYMI: Who's Running In The 2017 Natick Town Election?,https://patch.com/massachusetts/natick/icymi-whos-running-2017-natick-town-election,Local election news,Yes,Medium for local election facts,Minor. Article lists candidates for Natick's March 28 2017 town election and identifies Alderson as a School Committee candidate.,Alderson was listed with Donna M. McKenzie and Hayley I. Sonneborn as candidates for two three-year School Committee seats.,Low,Useful for verifying 2017 candidacy; not notability support.,Verified from downloaded HTML,Reviewed in sources/natick_patch_sources.md; local file data/natick_patch_2017_town_election_candidates.html,"{{cite web |last=Arsenault |first=Charlene |title=ICYMI: Who's Running In The 2017 Natick Town Election? |url=https://patch.com/massachusetts/natick/icymi-whos-running-2017-natick-town-election |website=Natick Patch |date=March 11, 2017 |access-date=June 8, 2026}}"
WL1,2017,Wicked Local,NATICK LETTER: Support for School Committee candidate Jeff Alderson,https://www.wickedlocal.com/story/bulletin-tab/2017/03/23/natick-letter-support-for-school/21906287007/,Letter to the editor / local opinion,Partial / opinion,Medium for attributed opinion; low for notability,Letter of support recommending Alderson for Natick School Committee and discussing Waypoint Adventure board service.,Supporter publicly endorsed Alderson for School Committee; potential lead for Waypoint/community-service facts.,Low,Do not use for notability; avoid unless carefully attributed as opinion.,Verified from downloaded HTML,Reviewed in sources/wicked_local_sources.md; local file data/wickedlocal_2017_letter_support_school_committee.html,"{{cite web |title=NATICK LETTER: Support for School Committee candidate Jeff Alderson |url=https://www.wickedlocal.com/story/bulletin-tab/2017/03/23/natick-letter-support-for-school/21906287007/ |website=Wicked Local |date=March 23, 2017 |access-date=June 8, 2026}}"
WL2,2017,Wicked Local,Question for the candidates,https://www.wickedlocal.com/story/bulletin-tab/2017/03/24/question-for-candidates/21899647007/,Local election news / candidate questionnaire,Partial,Medium for local election facts,Moderate for campaign context. Article presents School Committee candidate responses and includes Alderson's response on school social issues and policy process.,Alderson was a 2017 Natick School Committee candidate; he publicly answered a candidate question about school response to social topics and hate crimes.,Low to Medium,Useful for civic-background context if the draft expands prior town-government engagement; not a major notability source.,Verified from downloaded HTML,Reviewed in sources/wicked_local_sources.md; local file data/wickedlocal_2017_question_for_candidates.html,"{{cite web |title=Question for the candidates |url=https://www.wickedlocal.com/story/bulletin-tab/2017/03/24/question-for-candidates/21899647007/ |website=Wicked Local |date=March 24, 2017 |access-date=June 8, 2026}}"
NLTP1,2017,Natick Local Town Pages,Meet the Candidates for Town Committees / Natick March 2017,https://www.yumpu.com/en/document/view/57088486/natick-march-2017,Local monthly publication / candidate statements,Partial,Medium for local election facts; candidate statement is primary,Moderate for campaign context. Article identifies the School Committee candidates and includes a candidate-submitted statement by Alderson.,"Alderson ran for one of two three-year Natick School Committee seats in 2017; his candidate statement discussed public schools, Air Force service, education technology, nonprofit boards, mentoring, disability inclusion, and social justice.",Low to Medium,Use cautiously for candidate-context facts; candidate-authored material is not independent coverage.,Verified from downloaded Yumpu HTML pages 1 and 2/3,Reviewed in sources/natick_local_town_pages_sources.md; local files data/natick_local_town_pages_march_2017.html and data/natick_local_town_pages_march_2017_pages_2_3.html,"{{cite web |last=Whitty |first=Cynthia |title=Meet the Candidates for Town Committees |url=https://www.yumpu.com/en/document/view/57088486/natick-march-2017 |website=Natick Local Town Pages |date=March 2017 |access-date=June 8, 2026}}"
TN1,2017,Town of Natick,Official Election Results - March 28 2017,https://www.natickma.gov/DocumentCenter/View/4563/Official-Election-Results---March-28-2017?bidId=,Official election results,No / primary,High for official election result,Minor. Official PDF lists March 28 2017 School Committee vote totals.,Alderson received 1012 votes; Donna M. Mckenzie received 1020 votes; Hayley I. Sonneborn received 1402 votes. Official margin between McKenzie and Alderson was 8 votes.,Low,Use only to verify official 2017 election result and vote totals; not notability support.,Verified from downloaded PDF and extracted text,Reviewed in sources/town_of_natick_sources.md; local files data/town_of_natick_2017_official_election_results.pdf and data/town_of_natick_2017_official_election_results.txt,"{{cite web |title=Official Election Results - March 28, 2017 |url=https://www.natickma.gov/DocumentCenter/View/4563/Official-Election-Results---March-28-2017?bidId= |website=Town of Natick |date=April 4, 2017 |access-date=June 8, 2026}}"
TN2,2026,Town of Natick,Hybrid Town Meeting Committee,https://www.natickma.gov/2301/Hybrid-Town-Meeting-Committee,Official committee page,No / primary,Medium for official committee existence; does not name Alderson,Minor. Official Town of Natick committee page verifies the Hybrid Town Meeting Committee exists under Boards & Committees and includes a public survey link.,The Hybrid Town Meeting Committee exists as an official Town of Natick committee; use only to corroborate committee existence alongside Natick Report's Alderson-specific operational coverage.,Low,Use only to corroborate official committee existence and public-facing activity; pair with Natick Report N6 for Alderson-specific action.,Verified from downloaded HTML and extracted text,Reviewed in sources/town_of_natick_sources.md; local files data/town_of_natick_hybrid_town_meeting_committee.html and data/town_of_natick_hybrid_town_meeting_committee.txt,"{{cite web |title=Hybrid Town Meeting Committee |url=https://www.natickma.gov/2301/Hybrid-Town-Meeting-Committee |website=Town of Natick |access-date=June 8, 2026}}"
S11,2021,ASME Mechanical Engineering,Future Ready: From Education to Industry More...,https://doi.org/10.1115/1.2021-Sept2,Trade publication article/interview,Likely yes,Potentially Medium to High,Unknown; DOI resolved to Cloudflare-blocked ASME page.,None until reviewed.,TBD,Do not cite until reviewed,Located but blocked/not reviewed,Potentially useful if it includes substantive interview/profile coverage.,Do not cite until verified
N1,2026,Natick Report,"Natick Town Meeting night #2; Police log; Field & hybrid meeting reports; Two nights, two nights...",https://www.natickreport.com/2026/05/natick-town-meeting-night-2-police-log-field-two-nights-two-nights/,Local news,Yes,Medium for local public-role facts; limited notability value,"Moderate for moderator activity. Reports Alderson thanking participants, joking about a two-night meeting, and member reaction.","As moderator, Alderson presided over Spring 2026 Town Meeting and commented on the meeting concluding in two nights.",Low to Medium,Context only; not necessary for current article draft unless expanding municipal-service section.,Verified from Natick Report search result and article body,Reviewed in sources/natick_report_sources.md; local file data/natick_report_01_natick-town-meeting-night-2-police-log-field-two-nights-two-nights.html,"{{cite web |last=Brown |first=Bob |title=Natick Town Meeting night #2; Police log; Field & hybrid meeting reports; Two nights, two nights... |url=https://www.natickreport.com/2026/05/natick-town-meeting-night-2-police-log-field-two-nights-two-nights/ |website=Natick Report |date=May 4, 2026 |access-date=June 8, 2026}}"
N2,2026,Natick Report,"Natick Spring Annual Town Meeting night #1: $212m budget OKd; plus, history lessons",https://www.natickreport.com/2026/04/natick-spring-annual-town-meeting-night-1-212m-budget-okd-plus-history-lessons/,Local news,Yes,Medium for local public-role facts; limited notability value,Minor. Notes that Alderson read a statement on the 250th anniversary of the American Revolution.,Alderson read a historical statement at Town Meeting.,Low,Do not include unless discussing the 2026 Town Meeting statement.,Verified from Natick Report search result and article body,Reviewed in sources/natick_report_sources.md; local file data/natick_report_02_natick-spring-annual-town-meeting-night-1-212m-budget-okd-plus-history-lessons.html,"{{cite web |last=Brown |first=Bob |title=Natick Spring Annual Town Meeting night #1: $212m budget OKd; plus, history lessons |url=https://www.natickreport.com/2026/04/natick-spring-annual-town-meeting-night-1-212m-budget-okd-plus-history-lessons/ |website=Natick Report |date=April 30, 2026 |access-date=June 8, 2026}}"
N3,2026,Natick Report,Prepping for an historically significant Natick Spring Annual Town Meeting,https://www.natickreport.com/2026/04/prepping-for-an-historically-significant-natick-spring-annual-town-meeting/,Local news,Yes,Medium for local public-role facts; limited notability value,"Moderate for official activity. Identifies Alderson as Town Moderator, notes his role in a Spring 2026 primer video and planned anniversary statement.",Alderson joined town officials in a Spring Annual Town Meeting primer video and issued a statement connected to the 250th anniversary of the American Revolution.,Low to Medium,Useful municipal-service context; not needed for current short draft.,Verified from Natick Report search result and article body,Reviewed in sources/natick_report_sources.md; local file data/natick_report_03_prepping-for-an-historically-significant-natick-spring-annual-town-meeting.html,"{{cite web |title=Prepping for an historically significant Natick Spring Annual Town Meeting |url=https://www.natickreport.com/2026/04/prepping-for-an-historically-significant-natick-spring-annual-town-meeting/ |website=Natick Report |date=April 21, 2026 |access-date=June 8, 2026}}"
N4,2026,Natick Report,Natick Town Moderators statement in celebration of the 250th anniversary of the American Revolution,https://www.natickreport.com/2026/04/natick-town-moderators-statement-in-celebration-of-the-250th-anniversary-of-the-american-revolution/,Local opinion/primary statement,Partial / opinion,Medium for local public-role facts; limited notability value,Primary/opinion-like statement published by Natick Report. Not independent coverage of Alderson.,Alderson authored or supplied a statement as Town Moderator.,None to Low,Do not use for notability; only use as primary evidence if the statement itself becomes relevant.,Verified from Natick Report search result and article body,Reviewed in sources/natick_report_sources.md; local file data/natick_report_04_natick-town-moderators-statement-in-celebration-of-the-250th-anniversary-of-the-american-revolution.html,"{{cite web |title=Natick Town Moderators statement in celebration of the 250th anniversary of the American Revolution |url=https://www.natickreport.com/2026/04/natick-town-moderators-statement-in-celebration-of-the-250th-anniversary-of-the-american-revolution/ |website=Natick Report |date=April 17, 2026 |access-date=June 8, 2026}}"
N5,2026,Natick Report,Longtime Natick resident Paul Connolly recalled for remarkable civic & community service,https://www.natickreport.com/2026/02/longtime-natick-resident-paul-connolly-recalled-for-remarkable-civic-community-service/,Local news,Yes,Medium for local public-role facts; limited notability value,"Moderate but article is about Paul Connolly. Includes Alderson comments on Connolly, shared Air Force officer background, engineering careers, and inspiration to run for moderator.",Alderson said Connolly influenced his understanding of Town Meeting procedure and helped inspire him to run for moderator; Alderson identified both himself and Connolly as former Air Force captains with engineering careers.,Low to Medium,Useful if adding detail about why Alderson ran for moderator; use cautiously because facts come through Alderson quote in article about another person.,Verified from Natick Report search result and article body,Reviewed in sources/natick_report_sources.md; local file data/natick_report_05_longtime-natick-resident-paul-connolly-recalled-for-remarkable-civic-community-service.html,"{{cite web |last=Brown |first=Bob |title=Longtime Natick resident Paul Connolly recalled for remarkable civic & community service |url=https://www.natickreport.com/2026/02/longtime-natick-resident-paul-connolly-recalled-for-remarkable-civic-community-service/ |website=Natick Report |date=February 20, 2026 |access-date=June 8, 2026}}"
N6,2025,Natick Report,Volunteers sought to join Natick Hybrid Town Meeting Committee,https://www.natickreport.com/2025/11/volunteers-sought-to-join-natick-hybrid-town-meeting-committee/,Local news,Yes,Medium for local public-role facts; limited notability value,Moderate for official activity. Focuses on Alderson seeking applicants for the Hybrid Town Meeting Committee and describes appointment/report process.,"As Town Moderator, Alderson sought Town Meeting members for a Hybrid Town Meeting Committee and would appoint committee members.",Low to Medium,Recommended for draft if retaining one example of moderator activity.,Verified from Natick Report search result and article body,Reviewed in sources/natick_report_sources.md; local file data/natick_report_06_volunteers-sought-to-join-natick-hybrid-town-meeting-committee.html,"{{cite web |last=Brown |first=Bob |title=Volunteers sought to join Natick Hybrid Town Meeting Committee |url=https://www.natickreport.com/2025/11/volunteers-sought-to-join-natick-hybrid-town-meeting-committee/ |website=Natick Report |date=November 20, 2025 |access-date=June 8, 2026}}"
N7,2025,Natick Report,Natick Fall Annual Town Meeting night #4: ADUs; Charter & By-Law Review Committee winds down; its a wrap,https://www.natickreport.com/2025/10/natick-fall-annual-town-meeting-night-4-adus-charter-its-a-wrap/,Local news,Yes,Medium for local public-role facts; limited notability value,Minor. Notes Alderson acknowledged the passing of a former Town Meeting member.,Alderson presided at Fall Annual Town Meeting night 4 and acknowledged John R. Culkin.,Low,Do not include in article draft; dossier only.,Verified from Natick Report search result and article body,Reviewed in sources/natick_report_sources.md; local file data/natick_report_07_natick-fall-annual-town-meeting-night-4-adus-charter-its-a-wrap.html,"{{cite web |last=Brown |first=Bob |title=Natick Fall Annual Town Meeting night #4: ADUs; Charter & By-Law Review Committee winds down; its a wrap |url=https://www.natickreport.com/2025/10/natick-fall-annual-town-meeting-night-4-adus-charter-its-a-wrap/ |website=Natick Report |date=October 31, 2025 |access-date=June 8, 2026}}"
N8,2025,Natick Report,Natick Fall Annual Town Meeting night #3: Community Preservation funds flow to 5 Auburn & more; Get ready for more downtown signs,https://www.natickreport.com/2025/10/natick-fall-annual-town-meeting-night-3-community-preservation-funds-flow-to-5-auburn-get-ready-for-more-downtown-signs/,Local news,Yes,Medium for local public-role facts; limited notability value,Moderate for official activity. Includes a subsection on Alderson seeking interest in a future deputy moderator position after state approval of a home-rule petition.,Alderson discussed potential deputy moderator interest during a Town Meeting electronic voting test question.,Low to Medium,Useful municipal-service context; not needed for current draft.,Verified from Natick Report search result and article body,Reviewed in sources/natick_report_sources.md; local file data/natick_report_08_natick-fall-annual-town-meeting-night-3-community-preservation-funds-flow-to-5-auburn-get-ready-for-more-downtown-signs.html,"{{cite web |last=Brown |first=Bob |title=Natick Fall Annual Town Meeting night #3: Community Preservation funds flow to 5 Auburn & more; Get ready for more downtown signs |url=https://www.natickreport.com/2025/10/natick-fall-annual-town-meeting-night-3-community-preservation-funds-flow-to-5-auburn-get-ready-for-more-downtown-signs/ |website=Natick Report |date=October 29, 2025 |access-date=June 8, 2026}}"
N9,2025,Natick Report,Natick Fall Annual Town Meeting 2025 begins Tuesday night (Oct. 21),https://www.natickreport.com/2025/10/natick-fall-annual-town-meeting-2025-begins-tuesday-night-oct-21/,Local news,Yes,Medium for local public-role facts; limited notability value,Minor to moderate. Notes Alderson hosted primer videos with town officials.,Alderson hosted Fall 2025 Town Meeting primer videos with town officials.,Low,Dossier only unless expanding municipal-service activity.,Verified from Natick Report search result and article body,Reviewed in sources/natick_report_sources.md; local file data/natick_report_09_natick-fall-annual-town-meeting-2025-begins-tuesday-night-oct-21.html,"{{cite web |last=Brown |first=Bob |title=Natick Fall Annual Town Meeting 2025 begins Tuesday night (Oct. 21) |url=https://www.natickreport.com/2025/10/natick-fall-annual-town-meeting-2025-begins-tuesday-night-oct-21/ |website=Natick Report |date=October 21, 2025 |access-date=June 8, 2026}}"
N10,2025,Natick Report,Natick Fall Annual Town Meeting prep for those who prefer video,https://www.natickreport.com/2025/10/natick-fall-annual-town-meeting-prep-for-those-who-prefer-video/,Local news,Yes,Medium for local public-role facts; limited notability value,Minor. Reports local group hosted Alderson and Finance Committee chair to discuss the Town Meeting warrant.,Alderson participated in a Coffee With a Purpose session on the Fall Town Meeting warrant.,Low,Dossier only.,Verified from Natick Report search result and article body,Reviewed in sources/natick_report_sources.md; local file data/natick_report_10_natick-fall-annual-town-meeting-prep-for-those-who-prefer-video.html,"{{cite web |last=Brown |first=Bob |title=Natick Fall Annual Town Meeting prep for those who prefer video |url=https://www.natickreport.com/2025/10/natick-fall-annual-town-meeting-prep-for-those-who-prefer-video/ |website=Natick Report |date=October 7, 2025 |access-date=June 8, 2026}}"
N11,2025,Natick Report,Natick Spring Annual Town Meeting night #4 (finale): bylaws updated; stabilization fund changes rejected,https://www.natickreport.com/2025/05/natick-spring-annual-town-meeting-night-4-finale-bylaws-updated-stabilization-fund-changes-rejected/,Local news,Yes,Medium for local public-role facts; limited notability value,Moderate for transition/performance as moderator. Notes mutual respect between Alderson and former moderator Frank Foss at the end of Spring Town Meeting.,Alderson thanked Foss for helping him prepare; Foss praised Alderson at the end of Spring Town Meeting.,Low to Medium,Useful context if expanding section on start of moderator tenure; not necessary for short draft.,Verified from Natick Report search result and article body,Reviewed in sources/natick_report_sources.md; local file data/natick_report_11_natick-spring-annual-town-meeting-night-4-finale-bylaws-updated-stabilization-fund-changes-rejected.html,"{{cite web |last=Brown |first=Bob |title=Natick Spring Annual Town Meeting night #4 (finale): bylaws updated; stabilization fund changes rejected |url=https://www.natickreport.com/2025/05/natick-spring-annual-town-meeting-night-4-finale-bylaws-updated-stabilization-fund-changes-rejected/ |website=Natick Report |date=May 9, 2025 |access-date=June 8, 2026}}"
N12,2025,Natick Report,"Natick Spring Annual Town Meeting night #3: Zoning articles on floodplain maps, body art, ADUs & indoor rec",https://www.natickreport.com/2025/05/natick-spring-annual-town-meeting-night-3-zoning-articles-on-floodplain-maps-body-art-adus-indoor-rec/,Local news,Yes,Medium for local public-role facts; limited notability value,Minor. Mentions Alderson moderating and making light comments during proceedings.,Alderson moderated the third night of Spring Annual Town Meeting.,Low,Dossier only.,Verified from Natick Report search result and article body,Reviewed in sources/natick_report_sources.md; local file data/natick_report_12_natick-spring-annual-town-meeting-night-3-zoning-articles-on-floodplain-maps-body-art-adus-indoor-rec.html,"{{cite web |last=Brown |first=Bob |title=Natick Spring Annual Town Meeting night #3: Zoning articles on floodplain maps, body art, ADUs & indoor rec |url=https://www.natickreport.com/2025/05/natick-spring-annual-town-meeting-night-3-zoning-articles-on-floodplain-maps-body-art-adus-indoor-rec/ |website=Natick Report |date=May 8, 2025 |access-date=June 8, 2026}}"
N13,2025,Natick Report,Community commendable - thanks to Frank Foss for 18 years as Town Meeting moderator,https://www.natickreport.com/2025/05/community-commendable-thanks-to-frank-foss-for-18-years-as-town-meeting-moderator/,Local news,Yes,Medium for local public-role facts; limited notability value,Minor. Article is about Frank Foss; notes new moderator Alderson read a legislative citation into the record.,Alderson read a citation honoring Frank Foss.,Low,Dossier only; article is about Foss.,Verified from Natick Report search result and article body,Reviewed in sources/natick_report_sources.md; local file data/natick_report_13_community-commendable-thanks-to-frank-foss-for-18-years-as-town-meeting-moderator.html,"{{cite web |title=Community commendable - thanks to Frank Foss for 18 years as Town Meeting moderator |url=https://www.natickreport.com/2025/05/community-commendable-thanks-to-frank-foss-for-18-years-as-town-meeting-moderator/ |website=Natick Report |date=May 2, 2025 |access-date=June 8, 2026}}"
N14,2025,Natick Report,Natick Spring Annual Town Meeting opening night recap: Un-stabilization; A Happy Fuss over Foss; Override-infused budget,https://www.natickreport.com/2025/05/natick-spring-annual-town-meeting-opening-night-recap-un-stabilization-fuss-over-foss-override-infused-budget/,Local news,Yes,Medium for local public-role facts; limited notability value,Moderate. Describes Alderson kicking off his first Spring Town Meeting as new moderator with historical framing and honoring outgoing moderator Foss.,"Alderson began Spring 2025 Town Meeting as new moderator, referenced the American Revolution anniversary, and read a citation for Foss.",Low to Medium,Useful context for start of moderator tenure; optional for article draft.,Verified from Natick Report search result and article body,Reviewed in sources/natick_report_sources.md; local file data/natick_report_14_natick-spring-annual-town-meeting-opening-night-recap-un-stabilization-fuss-over-foss-override-infused-budget.html,"{{cite web |last=Brown |first=Bob |title=Natick Spring Annual Town Meeting opening night recap: Un-stabilization; A Happy Fuss over Foss; Override-infused budget |url=https://www.natickreport.com/2025/05/natick-spring-annual-town-meeting-opening-night-recap-un-stabilization-fuss-over-foss-override-infused-budget/ |website=Natick Report |date=May 1, 2025 |access-date=June 8, 2026}}"
N15,2025,Natick Report,Time to prep for Natick Spring Annual Town Meeting,https://www.natickreport.com/2025/04/time-to-prep-for-natick-spring-annual-town-meeting/,Local news,Yes,Medium for local public-role facts; limited notability value,Minor. Notes Alderson encouraged Town Meeting members and public to sign up for Town Meeting alerts.,Alderson encouraged public/Town Meeting members to sign up for alerts.,Low,Dossier only.,Verified from Natick Report search result and article body,Reviewed in sources/natick_report_sources.md; local file data/natick_report_15_time-to-prep-for-natick-spring-annual-town-meeting.html,"{{cite web |title=Time to prep for Natick Spring Annual Town Meeting |url=https://www.natickreport.com/2025/04/time-to-prep-for-natick-spring-annual-town-meeting/ |website=Natick Report |date=April 14, 2025 |access-date=June 8, 2026}}"
N16,2025,Natick Report,"Natick swears in newly elected officials, transfers the moderators gavel",https://www.natickreport.com/2025/03/natick-swears-in-newly-elected-officials-transfers-the-moderators-gavel/,Local news,Yes,Medium for local public-role facts; limited notability value,Moderate and directly relevant. Describes incoming moderator Alderson receiving gavel from outgoing moderator Frank Foss and lists Alderson among newly elected officials.,Alderson became incoming Natick town moderator after the March 2025 election; Foss handed him the Town Meeting gavel.,Low to Medium,Recommended for draft as main source for transition into moderator role.,Verified from Natick Report search result and article body,Reviewed in sources/natick_report_sources.md; local file data/natick_report_16_natick-swears-in-newly-elected-officials-transfers-the-moderators-gavel.html,"{{cite web |last=Brown |first=Bob |title=Natick swears in newly elected officials, transfers the moderators gavel |url=https://www.natickreport.com/2025/03/natick-swears-in-newly-elected-officials-transfers-the-moderators-gavel/ |website=Natick Report |date=March 27, 2025 |access-date=June 8, 2026}}"
N17,2025,Natick Report,Natick 2025 election results: $7M override passes; incumbents retain Select Board and School Committee seats; 1 newcomer on School Committee,https://www.natickreport.com/2025/03/natick-2025-election-results-7m-override-passes-incumbents-retain-select-board-1-newcomer-on-school-committee/,Local news,Yes,Medium for local public-role facts; limited notability value,Minor. Caption-level mention of outgoing moderator Frank Foss and incoming moderator Jeff Alderson.,Alderson was incoming moderator after the 2025 election.,Low,Useful corroboration but weaker than N16; optional.,Verified from Natick Report search result and article body,Reviewed in sources/natick_report_sources.md; local file data/natick_report_17_natick-2025-election-results-7m-override-passes-incumbents-retain-select-board-1-newcomer-on-school-committee.html,"{{cite web |last=Brown |first=Bob |title=Natick 2025 election results: $7M override passes; incumbents retain Select Board and School Committee seats; 1 newcomer on School Committee |url=https://www.natickreport.com/2025/03/natick-2025-election-results-7m-override-passes-incumbents-retain-select-board-1-newcomer-on-school-committee/ |website=Natick Report |date=March 25, 2025 |access-date=June 8, 2026}}"
N18,2024,Natick Report,Natick Town Meeting week #1: MBTA Communities articles pass,https://www.natickreport.com/2024/10/natick-town-meeting-week-1-mbta-communities-articles-pass/,Local news,Yes,Medium for local public-role facts; limited notability value,"Minor. Notes Alderson, then a Town Meeting member, spoke in support of Article 24.",Alderson spoke in support of an MBTA Communities Act-related article as a Town Meeting member.,Low,Dossier only; not needed for biography unless adding prior Town Meeting activity.,Verified from Natick Report search result and article body,Reviewed in sources/natick_report_sources.md; local file data/natick_report_18_natick-town-meeting-week-1-mbta-communities-articles-pass.html,"{{cite web |last=Brown |first=Bob |title=Natick Town Meeting week #1: MBTA Communities articles pass |url=https://www.natickreport.com/2024/10/natick-town-meeting-week-1-mbta-communities-articles-pass/ |website=Natick Report |date=October 20, 2024 |access-date=June 8, 2026}}"
N19,2023,Natick Report,Natick Fall Annual Town Meeting heavy on citizen petitions,https://www.natickreport.com/2023/10/natick-fall-annual-town-meeting-heavy-on-citizen-petitions/,Local news,Yes,Medium for local public-role facts; limited notability value,Moderate for pre-moderator civic activity. Discusses Alderson sponsoring Article 30 concerning the town seal and quotes him about citizen-petition process.,Alderson sponsored a citizen petition to replace the recently approved town seal with the 1876 original and described the petition filing process.,Low to Medium,Useful context for civic involvement before moderator role; not necessary for short draft.,Verified from Natick Report search result and article body,Reviewed in sources/natick_report_sources.md; local file data/natick_report_19_natick-fall-annual-town-meeting-heavy-on-citizen-petitions.html,"{{cite web |last=Brown |first=Bob |title=Natick Fall Annual Town Meeting heavy on citizen petitions |url=https://www.natickreport.com/2023/10/natick-fall-annual-town-meeting-heavy-on-citizen-petitions/ |website=Natick Report |date=October 10, 2023 |access-date=June 8, 2026}}"
N20,2025,Natick Report,Natick 2025 town election guide: $7M override question; contested races; where to vote,https://www.natickreport.com/2025/03/natick-2025-town-election-guide-7mil-override-question-contested-races-where-to-vote/,Local news,Yes,Medium for local public-role facts; limited notability value,Minor but directly verifies ballot status. Lists Jeffrey A. Alderson as uncontested candidate for a three-year Town Moderator term.,Alderson was the uncontested candidate for Natick Town Moderator in 2025.,Low,Recommended for draft only to verify candidacy/term detail; pair with N16 for transition.,Verified from Natick Report search result and article body,Reviewed in sources/natick_report_sources.md; local file data/natick_report_20_natick-2025-town-election-guide-7mil-override-question-contested-races-where-to-vote.html,"{{cite web |last=Brown |first=Deborah |title=Natick 2025 town election guide: $7M override question; contested races; where to vote |url=https://www.natickreport.com/2025/03/natick-2025-town-election-guide-7mil-override-question-contested-races-where-to-vote/ |website=Natick Report |date=March 25, 2025 |access-date=June 8, 2026}}"
N21,2025,Natick Report,Letter to the editor: Frank Foss on stepping down as Town Moderator,https://www.natickreport.com/2025/01/letter-to-the-editor/,Local opinion/primary statement,Partial / opinion,Medium for local public-role facts; limited notability value,Primary/opinion letter by outgoing moderator Frank Foss. Mentions Alderson as expected successor and gives Foss opinion of him.,"Foss publicly supported Alderson as successor, but this is opinion/letter content.",Low,Do not use for notability; avoid in draft unless carefully attributed as Foss opinion.,Verified from Natick Report search result and article body,Reviewed in sources/natick_report_sources.md; local file data/natick_report_21_letter-to-the-editor.html,"{{cite web |title=Letter to the editor: Frank Foss on stepping down as Town Moderator |url=https://www.natickreport.com/2025/01/letter-to-the-editor/ |website=Natick Report |date=January 10, 2025 |access-date=June 8, 2026}}"
N22,2025,Natick Report,"Natick Select Board, School Committee races to be contested",https://www.natickreport.com/2025/01/natick-select-board-school-committee-races-to-be-contested/,Local news,Yes,Medium for local public-role facts; limited notability value,Minor but useful election context. Says Town Meeting member Jeffrey Alderson was the only candidate running for Moderator and Foss was not seeking re-election.,Alderson was a Town Meeting member and only candidate for moderator; Frank Foss was not seeking re-election.,Low,Useful corroboration for candidacy; optional.,Verified from Natick Report search result and article body,Reviewed in sources/natick_report_sources.md; local file data/natick_report_22_natick-select-board-school-committee-races-to-be-contested.html,"{{cite web |last=Brown |first=Bob |title=Natick Select Board, School Committee races to be contested |url=https://www.natickreport.com/2025/01/natick-select-board-school-committee-races-to-be-contested/ |website=Natick Report |date=January 9, 2025 |access-date=June 8, 2026}}"
N23,2024,Natick Report,Candidates have started to pull papers for Natick town-wide office & Town Meeting seats,https://www.natickreport.com/2024/12/candidates-have-started-to-pull-papers-for-natick-town-wide-office-town-meeting-seats/,Local news,Yes,Medium for local public-role facts; limited notability value,Minor to moderate. Says Alderson sought to become moderator and describes the role as presiding over Town Meeting and making committee appointments.,"Alderson sought the moderator position, a three-year term involving presiding over Town Meeting and making committee appointments.",Low,Useful for defining the office; optional.,Verified from Natick Report search result and article body,Reviewed in sources/natick_report_sources.md; local file data/natick_report_23_candidates-have-started-to-pull-papers-for-natick-town-wide-office-town-meeting-seats.html,"{{cite web |last=Brown |first=Bob |title=Candidates have started to pull papers for Natick town-wide office & Town Meeting seats |url=https://www.natickreport.com/2024/12/candidates-have-started-to-pull-papers-for-natick-town-wide-office-town-meeting-seats/ |website=Natick Report |date=December 6, 2024 |access-date=June 8, 2026}}"
N24,2023,Natick Report,Natick Fall Annual Town Meeting night #3: Citizen petitions take center stage; Town counsel gets a workout; Not a wizard,https://www.natickreport.com/2023/10/natick-fall-annual-town-meeting-night-3-citizen-petitions-take-center-stage-town-counsel-gets-a-workout-not-a-wizard/,Local news,Yes,Medium for local public-role facts; limited notability value,"Moderate for pre-moderator civic activity. Describes Alderson as proponent of Article 30 on the town seal, summarizes his argument, and reports the vote.","Alderson proposed replacing the 2023 town seal with an 1876 seal; the motion was not approved, 45-53-4.",Low to Medium,Useful if adding pre-moderator Town Meeting activity; not necessary for current short draft.,Verified from Natick Report search result and article body,Reviewed in sources/natick_report_sources.md; local file data/natick_report_24_natick-fall-annual-town-meeting-night-3-citizen-petitions-take-center-stage-town-counsel-gets-a-workout-not-a-wizard.html,"{{cite web |last=Brown |first=Bob |title=Natick Fall Annual Town Meeting night #3: Citizen petitions take center stage; Town counsel gets a workout; Not a wizard |url=https://www.natickreport.com/2023/10/natick-fall-annual-town-meeting-night-3-citizen-petitions-take-center-stage-town-counsel-gets-a-workout-not-a-wizard/ |website=Natick Report |date=October 27, 2023 |access-date=June 8, 2026}}"
N25,2023,Natick Report,"Natick Town Meeting recap week #3: Dissolved; Dam, Dam & Dam articles; Capital concerns & other business",https://www.natickreport.com/2023/05/natick-town-meeting-recap-week-3-dissolved-dam-dam-capital-concerns-other-business/,Local news,Yes,Medium for local public-role facts; limited notability value,Minor. Notes Alderson asked questions as a Town Meeting member during discussion of the South Natick Dam.,Alderson participated in Town Meeting discussion as a member before becoming moderator.,Low,Dossier only.,Verified from Natick Report search result and article body,Reviewed in sources/natick_report_sources.md; local file data/natick_report_25_natick-town-meeting-recap-week-3-dissolved-dam-dam-capital-concerns-other-business.html,"{{cite web |last=Brown |first=Bob |title=Natick Town Meeting recap week #3: Dissolved; Dam, Dam & Dam articles; Capital concerns & other business |url=https://www.natickreport.com/2023/05/natick-town-meeting-recap-week-3-dissolved-dam-dam-capital-concerns-other-business/ |website=Natick Report |date=May 12, 2023 |access-date=June 8, 2026}}"
