https://www.natickreport.com/2026/05/natick-town-meeting-night-2-police-log-field-two-nights-two-nights/	Natick Town Meeting night #2; Police log; Field & hybrid meeting reports; ‘Two nights, two nights…’
https://www.natickreport.com/2026/04/natick-spring-annual-town-meeting-night-1-212m-budget-okd-plus-history-lessons/	Natick Spring Annual Town Meeting night #1: $212m budget OK’d; plus, history lessons
https://www.natickreport.com/2026/04/prepping-for-an-historically-significant-natick-spring-annual-town-meeting/	Prepping for an historically significant Natick Spring Annual Town Meeting
https://www.natickreport.com/2026/04/natick-town-moderators-statement-in-celebration-of-the-250th-anniversary-of-the-american-revolution/	Natick Town Moderator’s statement in celebration of the 250th anniversary of the American Revolution
https://www.natickreport.com/2026/02/longtime-natick-resident-paul-connolly-recalled-for-remarkable-civic-community-service/	Longtime Natick resident Paul Connolly recalled for remarkable civic & community service
https://www.natickreport.com/2025/11/volunteers-sought-to-join-natick-hybrid-town-meeting-committee/	Volunteers sought to join Natick Hybrid Town Meeting Committee
https://www.natickreport.com/2025/10/natick-fall-annual-town-meeting-night-4-adus-charter-its-a-wrap/	Natick Fall Annual Town Meeting night #4: ADUs; Charter & By-Law Review Committee winds down; it’s a wrap
https://www.natickreport.com/2025/10/natick-fall-annual-town-meeting-night-3-community-preservation-funds-flow-to-5-auburn-get-ready-for-more-downtown-signs/	Natick Fall Annual Town Meeting night #3: Community Preservation funds flow to 5 Auburn & more; Get ready for more downtown signs
https://www.natickreport.com/2025/10/natick-fall-annual-town-meeting-2025-begins-tuesday-night-oct-21/	Natick Fall Annual Town Meeting 2025 begins Tuesday night (Oct. 21)
https://www.natickreport.com/2025/10/natick-fall-annual-town-meeting-prep-for-those-who-prefer-video/	Natick Fall Annual Town Meeting prep for those who prefer video
https://www.natickreport.com/2025/05/natick-spring-annual-town-meeting-night-4-finale-bylaws-updated-stabilization-fund-changes-rejected/	Natick Spring Annual Town Meeting night #4 (finale): bylaws updated; stabilization fund changes rejected
https://www.natickreport.com/2025/05/natick-spring-annual-town-meeting-night-3-zoning-articles-on-floodplain-maps-body-art-adus-indoor-rec/	Natick Spring Annual Town Meeting night #3: Zoning articles on floodplain maps, body art, ADUs & indoor rec
https://www.natickreport.com/2025/05/community-commendable-thanks-to-frank-foss-for-18-years-as-town-meeting-moderator/	Community commendable—thanks to Frank Foss for 18 years as Town Meeting moderator
https://www.natickreport.com/2025/05/natick-spring-annual-town-meeting-opening-night-recap-un-stabilization-fuss-over-foss-override-infused-budget/	Natick Spring Annual Town Meeting opening night recap: Un-stabilization; A Happy Fuss over Foss; Override-infused budget
https://www.natickreport.com/2025/04/time-to-prep-for-natick-spring-annual-town-meeting/	Time to prep for Natick Spring Annual Town Meeting
https://www.natickreport.com/2025/03/natick-swears-in-newly-elected-officials-transfers-the-moderators-gavel/	Natick swears in newly elected officials, transfers the moderator’s gavel
https://www.natickreport.com/2025/03/natick-2025-election-results-7m-override-passes-incumbents-retain-select-board-1-newcomer-on-school-committee/	Natick 2025 election results: $7M override passes; Incumbents retain Select Board & School Committee seats; 1 newcomer on School Committee
https://www.natickreport.com/2024/10/natick-town-meeting-week-1-mbta-communities-articles-pass/	Natick Town Meeting week #1: MBTA Communities articles pass
https://www.natickreport.com/2023/10/natick-fall-annual-town-meeting-heavy-on-citizen-petitions/	Natick Fall Annual Town Meeting heavy on citizen petitions
https://www.natickreport.com/2025/03/natick-2025-town-election-guide-7mil-override-question-contested-races-where-to-vote/	Natick 2025 town election guide: $7M override question; contested races; where to vote
https://www.natickreport.com/2025/01/letter-to-the-editor/	Letter to the editor: Frank Foss on stepping down as Town Moderator
https://www.natickreport.com/2025/01/natick-select-board-school-committee-races-to-be-contested/	Natick Select Board, School Committee races to be contested
https://www.natickreport.com/2024/12/candidates-have-started-to-pull-papers-for-natick-town-wide-office-town-meeting-seats/	Candidates have started to pull papers for Natick town-wide office & Town Meeting seats
https://www.natickreport.com/2023/10/natick-fall-annual-town-meeting-night-3-citizen-petitions-take-center-stage-town-counsel-gets-a-workout-not-a-wizard/	Natick Fall Annual Town Meeting night #3: Citizen petitions take center stage; Town counsel gets a workout; Not a wizard
https://www.natickreport.com/2023/05/natick-town-meeting-recap-week-3-dissolved-dam-dam-capital-concerns-other-business/	Natick Town Meeting recap week #3: Dissolved; Dam, Dam & Dam articles; Capital concerns & other business
